{
    "1": {
        "lefteye": {
            "0": {
                "mean": -3.277777215214683,
                "std": 1.5632637117040091,
                "sem": 0.07609848682770154,
                "ci_lower": -3.4273565046956955,
                "ci_upper": -3.1281979257336703
            },
            "5": {
                "mean": -1.6216103931120551,
                "std": 1.8879828748986385,
                "sem": 0.15115960608656986,
                "ci_lower": -1.920194074683025,
                "ci_upper": -1.3230267115410852
            },
            "10": {
                "mean": 0.9256669488763812,
                "std": 2.4300133972226616,
                "sem": 0.19332148588051,
                "ci_lower": 0.5438392146303115,
                "ci_upper": 1.307494683122451
            },
            "15": {
                "mean": 3.4989337818636415,
                "std": 2.5140659093374325,
                "sem": 0.17066591446951934,
                "ci_lower": 3.1625587224549347,
                "ci_upper": 3.835308841272348
            },
            "25": {
                "mean": 12.198251248821393,
                "std": 2.436115083549633,
                "sem": 0.15824267935951347,
                "ci_lower": 11.886509371012716,
                "ci_upper": 12.50999312663007
            },
            "-5": {
                "mean": -5.762558768122437,
                "std": 0.8071063271447518,
                "sem": 0.053927059837020466,
                "ci_lower": -5.8688280233372225,
                "ci_upper": -5.656289512907652
            },
            "-10": {
                "mean": -9.95418267089951,
                "std": 1.6076593902546072,
                "sem": 0.10913503061883598,
                "ci_lower": -10.169283047105788,
                "ci_upper": -9.739082294693231
            },
            "-15": {
                "mean": -14.690541518104961,
                "std": 1.9216164437831424,
                "sem": 0.12670763603868573,
                "ci_lower": -14.940197599308412,
                "ci_upper": -14.44088543690151
            },
            "-25": {
                "mean": -22.547043708590472,
                "std": 2.760114736827135,
                "sem": 0.181602216937885,
                "ci_lower": -22.904852133919164,
                "ci_upper": -22.18923528326178
            }
        }
    },
    "2": {
        "head": {}
    },
    "skipped_experiments": [
        [
            "1",
            "lefteye",
            "fx",
            "1"
        ],
        [
            "1",
            "lefteye",
            "fx",
            "2"
        ],
        [
            "1",
            "lefteye",
            "fx",
            "3"
        ],
        [
            "1",
            "lefteye",
            "sl",
            "3"
        ],
        [
            "1",
            "lefteye",
            "wyc",
            "3"
        ],
        [
            "2",
            "head",
            "fx",
            "4"
        ],
        [
            "2",
            "head",
            "fx",
            "5"
        ],
        [
            "2",
            "head",
            "fx",
            "6"
        ],
        [
            "2",
            "head",
            "sl",
            "4"
        ],
        [
            "2",
            "head",
            "sl",
            "5"
        ],
        [
            "2",
            "head",
            "sl",
            "6"
        ],
        [
            "2",
            "head",
            "wyc",
            "4"
        ],
        [
            "2",
            "head",
            "wyc",
            "5"
        ],
        [
            "2",
            "head",
            "wyc",
            "6"
        ]
    ]
}